Market ID,Market Name,Website,Facebook,Twitter,Youtube,Other Media,Address,City,County,State,ZIP Code,Season 1 Date,Season 1 Time,Season 2 Date,Season 2 Time,Season 3 Date,Season 3 Time,Season 4 Date,Season 4 Time,Longitude,Latitude,Location,Is Credit,Is Women Infants Children,Is Women Infants Children Cash,Is Senior Farmers Markets Nutrition Program,Is Supplemental Nutrition Assistance Program,Is Organic,Is Baked Goods,Is Cheese,Is Crafts,Is Flowers,Is Eggs,Is Seafood,Is Herbs,Is Vegetables,Is Honey,Is Jams,Is Maple,Is Meat,Is Nursery,Is Nuts,Is Plants,Is Poultry,Is Prepared,Is Soap,Is Trees,Is Wine,Is Coffee,Is Beans,Is Fruits,Is Grains,Is Juices,Is Mushrooms,Is Pet Food,Is Tofu,Is Wild Harvested,Update Time
1018261, Caledonia Farmers Market Association - Danville,https://www.caledoniafarmersmarket.com,https://www.facebook.com/Danville.VT.Farmers.Market/,,,,,Danville,Caledonia,Vermont,5828,06/10/2020 to 10/07/2020,Wed: 9:00 AM-1:00 PM;,,,,,,,-72.140337,44.411035999999996,,True,True,False,True,False,True,True,True,True,True,True,False,True,True,True,True,True,True,False,False,False,True,True,True,True,False,True,True,True,False,False,True,True,False,False,8/3/2020 15:23
1009994,18th Street Farmer's Market,,https://www.facebook.com/ScottsbluffFarmersMarket,,,,18th and Broadway,Scottsbluff,Scotts Bluff,Nebraska,69361,06/05/2021 to 06/05/2021,Sat: 8:00 AM-11:00 AM;,,,,,,,-103.662538,41.864268,,True,False,False,True,False,True,True,True,True,True,True,False,True,True,True,True,False,True,False,False,True,True,True,False,False,False,True,True,True,False,False,False,False,False,False,2/18/2021 14:37
1000709,26th Annual Highlands Business Partnership's Farmers Market,http://www.highlandsnj.com,https://www.facebook.com/pages/Highlands-Business-Partnership-Highlands-NJ/165486543524770,,,visithighlandsnj - Instagram,71 Waterwitch Avenue,Highlands,Monmouth,New Jersey,7732,6/6/2020,Sat: 8:30 AM-2:00 PM;,,,,,,,-73.99435799999999,40.404837,,True,True,True,True,True,True,True,True,True,True,True,False,True,True,True,True,False,False,False,True,True,False,False,True,False,False,False,False,True,False,True,False,False,False,True,9/10/2020 15:25
1019956,29 Palms Farmers' Market,,https://www.facebook.com/29palmsfarmersmarket/,,,IG @29palmsfarmersmarket,73484 Twentynine Palms Hwy,Twentynine Palms,San Bernardino,California,92277,01/01/2020 to 01/01/2020,Sat: 8:00 AM-1:00 PM;,,,,,,,-116.05894599999999,34.13576,,True,False,False,False,False,True,True,False,True,False,True,False,True,True,True,True,False,False,False,True,False,False,True,True,False,False,False,False,True,False,True,False,False,False,False,1/13/2021 17:15
1009959,2nd Street Market - Five Rivers MetroPark,http://www.metroparks.org,https://www.facebook.com/2ndStreetMarket/,,,,600 E. 2nd Street,Dayton,Montgomery,Ohio,45402,01/01/2018 to 05/31/2018,Thu: 11:00 AM-3:00 PM;Fri: 11:00 AM-3:00 PM;Sat: 8:00 AM-3:00 PM;,06/01/2018 to 12/31/2018,Thu: 11:00 AM-3:00 PM;Fri: 11:00 AM-3:00 PM;Sat: 8:00 AM-3:00 PM;Sun: 11:00 AM-3:00 PM;,,,,,-84.18103,39.762593,,True,False,True,False,True,True,True,True,True,True,True,False,True,True,True,True,True,True,False,True,True,True,True,True,False,False,True,True,True,True,True,True,True,False,True,7/26/2018 16:26
1004950,3 French Hens French Country Market,http://www.3frenchhensmarket.blogspot.com,https://www.facebook.com/pages/3-French-Hens-French-Country-Market/422352511143508,,,,123 W. Illinois ave. ,Morris,Grundy,Illinois,60450,05/12/2018 to 10/13/2018,Sat: 8:00 AM-2:00 PM;,11/09/2018 to 11/10/2018,Fri: 4:00 PM-10:00 PM;Sat: 10:00 AM-3:00 PM;,,,,,-88.425186,41.356383,,True,False,False,False,False,True,True,True,True,True,True,False,True,True,True,True,True,True,False,False,True,True,True,True,True,False,True,True,True,False,False,False,True,False,False,7/26/2018 16:22
1019938,3rd Day Farmer's Market,http://www.3rddayfarm.com,facebook/ 3rd Day Farm,,,,3234 S. LaChance Rd,Lake City,Missaukee,Michigan,49651,,Tue: 10:00 AM-5:00 PM;Wed: 10:00 AM-5:00 PM;Thu: 10:00 AM-5:00 PM;Fri: 10:00 AM-5:00 PM;Sat: 10:00 AM-3:00 PM;,,,,,,,-85.29614699999999,44.292952,,True,True,True,True,True,False,True,True,True,True,True,False,True,True,True,True,True,True,False,False,True,True,False,True,True,False,False,False,True,False,False,True,False,False,True,6/25/2020 11:53
1021607,4 Veggies & 3 Fruits Farmerâs Market,,,,,,140 W 62nd Street,Chicago ,Cook,Illinois,60621,01/01/2021 to 01/01/2021,Wed: 3:00 PM-8:00 PM;Sun: 9:00 AM-8:00 PM;,,,,,,,-87.629595,41.781896,,True,False,False,False,True,False,False,False,True,False,False,False,True,False,True,False,False,True,False,True,False,False,False,True,False,False,True,False,False,False,False,False,False,False,False,8/24/2021 6:09
1018965,61st Street Farmers Market,https://experimentalstation.org/market,61market,61market,,Instagram: ,6100 S. Blackstone Ave,Chicago,Cook,Illinois,60637,05/12/2018 to 12/15/2018,Sat: 9:00 AM-2:00 PM;,,,,,,,-87.59059140000001,41.784079,,True,False,False,False,True,,True,True,False,True,True,True,True,True,True,True,True,False,False,True,False,False,True,True,False,False,True,False,True,False,True,True,False,False,False,2/23/2018 16:18
1009004,A Growers' Market,,,,,,229 Lake Ella Drive,Tallahassee ,Leon,Florida,32303,01/01/2018 to 12/31/2018,Wed: 12:00 PM-6:00 PM;Sat: 11:00 AM-3:00 PM;,,,,,,,-84.27987399999999,30.461953,,True,True,False,True,True,False,True,True,False,True,True,False,True,True,True,True,False,False,False,False,False,False,True,True,False,False,False,False,True,False,False,True,False,False,False,7/29/2018 12:47
